date,caffeine_after_15,screen_time_h,exercise,bedtime_after_22_h,alcohol_drinks,sleep_score
2026-08-01,0,2.5,1,1.5,3,4.9
2026-08-02,0,0.0,0,2.5,2,4.9
2026-08-03,1,0.0,0,1.5,0,6.7
2026-08-04,2,2.0,0,1.5,1,3.4
2026-08-05,0,1.5,1,3.0,2,4.7
2026-08-06,0,2.5,1,0.0,3,5.3
2026-08-07,2,2.5,1,1.0,1,4.7
2026-08-08,1,0.5,0,3.0,2,3.5
2026-08-09,1,1.0,1,0.0,1,7.3
2026-08-10,1,0.0,0,1.0,0,6.9
2026-08-11,3,1.5,0,2.0,1,3.2
2026-08-12,2,2.5,0,2.5,0,3.8
2026-08-13,0,2.0,1,2.5,0,6.2
2026-08-14,2,2.5,0,1.5,1,3.4
2026-08-15,1,1.5,0,0.0,0,7.2
2026-08-16,1,2.0,0,2.5,1,3.8
2026-08-17,1,2.0,0,0.0,1,5.9
2026-08-18,1,0.0,1,3.0,0,6.0
2026-08-19,3,2.5,1,2.5,0,3.8
2026-08-20,3,1.0,0,0.0,1,4.5
2026-08-21,3,2.0,1,1.0,2,3.0
2026-08-22,1,0.0,1,2.5,2,5.2
2026-08-23,2,0.5,0,3.0,0,4.6
2026-08-24,1,1.5,1,0.5,0,6.8
2026-08-25,1,1.0,1,1.0,0,6.3
2026-08-26,1,3.0,0,1.5,0,5.4
2026-08-27,0,2.5,0,2.5,1,4.4
2026-08-28,0,0.0,0,0.0,1,6.4
2026-08-29,2,1.0,0,1.5,0,4.3
2026-08-30,0,2.5,0,2.0,1,4.9
2026-08-31,0,2.0,0,2.0,0,5.9
2026-09-01,2,0.0,0,0.5,0,6.3
2026-09-02,2,0.0,0,2.5,0,4.4
2026-09-03,3,2.0,1,2.0,1,3.3
2026-09-04,0,3.0,0,1.5,2,4.6
2026-09-05,0,1.5,0,1.5,3,3.8
2026-09-06,1,1.5,1,3.0,0,5.1
2026-09-07,3,1.5,1,1.0,2,3.6
2026-09-08,1,0.0,0,1.0,0,6.4
2026-09-09,0,0.5,0,2.5,2,4.9
2026-09-10,0,0.0,0,3.0,0,5.7
2026-09-11,0,1.5,1,1.0,2,6.4
2026-09-12,3,1.0,0,2.0,0,3.8
2026-09-13,3,0.5,0,0.5,0,4.8
2026-09-14,0,1.5,0,0.5,3,5.6
2026-09-15,3,3.0,0,0.0,1,4.1
2026-09-16,0,2.5,0,1.0,0,6.4
2026-09-17,2,2.5,1,0.0,3,3.1
2026-09-18,0,0.0,0,3.0,0,6.0
2026-09-19,1,2.0,0,0.0,0,5.8
2026-09-20,3,2.5,0,1.5,1,2.7
2026-09-21,3,0.0,1,0.5,0,6.3
2026-09-22,3,0.0,0,3.0,1,2.5
2026-09-23,1,0.5,0,0.0,2,4.9
2026-09-24,2,0.0,1,1.5,3,3.9
2026-09-25,3,1.0,0,1.5,1,4.2
2026-09-26,1,1.0,0,1.5,0,5.9
2026-09-27,0,2.0,1,2.5,0,6.3
2026-09-28,0,3.0,0,0.5,3,4.0
2026-09-29,1,1.5,0,2.5,0,5.6
